"","nombre_curso","url"
"1","Programacion Con Javascript Ed 11","/BuscarCursoNuevo/DetalleCursoDcp?curso=ONL-21-01-13-0312"
"2","Principios Basicos De Internet De Las Cosas Ed 3","/BuscarCursoNuevo/DetalleCursoDcp?curso=ONL-21-01-13-0311"
"3","Principios Basicos De Big Data Ed 3","/BuscarCursoNuevo/DetalleCursoDcp?curso=ONL-21-01-13-0310"
"4","Networking Y Marketing Personal Ed 3","/BuscarCursoNuevo/DetalleCursoDcp?curso=ONL-21-01-13-0309"
"5","Introduccion A La Programacion Ed 13","/BuscarCursoNuevo/DetalleCursoDcp?curso=ONL-21-01-13-0308"
"6","Habilidades Para El Empleo Ed 12","/BuscarCursoNuevo/DetalleCursoDcp?curso=ONL-21-01-13-0307"
"7","Growth Hacking: Como Atraer Y Retener Usuarios Ed 10","/BuscarCursoNuevo/DetalleCursoDcp?curso=ONL-21-01-13-0306"
"8","Gestiona Tus Proyectos A Traves Del Smartphone Ed 3","/BuscarCursoNuevo/DetalleCursoDcp?curso=ONL-21-01-13-0305"
"9","Gestion De Proyectos Con Metodologias Agiles Ed 13","/BuscarCursoNuevo/DetalleCursoDcp?curso=ONL-21-01-13-0304"
"10","Fundamentos De Programacion Ed 12","/BuscarCursoNuevo/DetalleCursoDcp?curso=ONL-21-01-13-0303"
"11","Estrategias De Marketing Online Ed 11","/BuscarCursoNuevo/DetalleCursoDcp?curso=ONL-21-01-13-0302"
"12","Emprendimiento Social Ed 13","/BuscarCursoNuevo/DetalleCursoDcp?curso=ONL-21-01-13-0301"
"13","Diseño Web Con Html5 + Css Ed 11","/BuscarCursoNuevo/DetalleCursoDcp?curso=ONL-21-01-13-0300"
"14","Creacion De Contenidos Digitales Ed 7","/BuscarCursoNuevo/DetalleCursoDcp?curso=ONL-21-01-13-0299"
"15","Comunicacion En Entornos Digitales Ed 7","/BuscarCursoNuevo/DetalleCursoDcp?curso=ONL-21-01-13-0298"
"16","Diseña Y Comercializa Tu Videojuego Ed 7","/BuscarCursoNuevo/DetalleCursoDcp?curso=ONL-21-01-13-0297"
"17","Ciberseguridad En Entornos De Aprendizajes Digitales Ed 7","/BuscarCursoNuevo/DetalleCursoDcp?curso=ONL-21-01-13-0296"
"18","Aprende Wordpress Ed 11","/BuscarCursoNuevo/DetalleCursoDcp?curso=ONL-21-01-13-0295"
"19","Aprende A Planificar Y Gestionar Estrategias Exitosas En Redes Sociales Ed 3","/BuscarCursoNuevo/DetalleCursoDcp?curso=ONL-21-01-13-0294"
"20","Aprende A Desarrollar Un Plan Digital De Comunicacion Ed 3","/BuscarCursoNuevo/DetalleCursoDcp?curso=ONL-21-01-13-0293"
"21","Analista Web Ed 10","/BuscarCursoNuevo/DetalleCursoDcp?curso=ONL-21-01-13-0292"
"22","Promotor En Activacion Fisica","/BuscarCursoNuevo/DetalleCursoDcp?curso=ONL-21-01-13-0231"
"23","Seguridad E Higiene En Ambiente Laboral","/BuscarCursoNuevo/DetalleCursoDcp?curso=ONL-21-01-13-0230"
"24","Responsabilidad Digital En Trabajo A Distancia","/BuscarCursoNuevo/DetalleCursoDcp?curso=ONL-21-01-13-0229"
"25","Cosecha Y Cultivo De Agua","/BuscarCursoNuevo/DetalleCursoDcp?curso=ONL-21-01-13-0228"
"26","Introduccion Al Ecoturismo","/BuscarCursoNuevo/DetalleCursoDcp?curso=ONL-21-01-13-0227"
"27","Cultura Ambiental","/BuscarCursoNuevo/DetalleCursoDcp?curso=ONL-21-01-13-0226"
"28","Manejo De Residuos Solidos Urbanos","/BuscarCursoNuevo/DetalleCursoDcp?curso=ONL-21-01-13-0225"
"29","Experto En Reciclaje","/BuscarCursoNuevo/DetalleCursoDcp?curso=ONL-21-01-13-0224"
"30","Creacion Y Uso De Informes De Analisis Con Power Bi","/BuscarCursoNuevo/DetalleCursoDcp?curso=ONL-21-01-13-0242"
"31","Analisis De Datos En Power Bi","/BuscarCursoNuevo/DetalleCursoDcp?curso=ONL-21-01-13-0241"
"32","Visualizacion De Datos En Power Bi","/BuscarCursoNuevo/DetalleCursoDcp?curso=ONL-21-01-13-0240"
"33","Preparacion De Datos Para Analisis","/BuscarCursoNuevo/DetalleCursoDcp?curso=ONL-21-01-13-0239"
"34","Introduccion Al Analisis De Datos De Microsoft","/BuscarCursoNuevo/DetalleCursoDcp?curso=ONL-21-01-13-0238"
"35","Configuracion Y Administracion De Redes Virtuales Para Administradores De Azure","/BuscarCursoNuevo/DetalleCursoDcp?curso=ONL-21-01-13-0237"
"36","Requisitos Previos Para Administradores De Azure","/BuscarCursoNuevo/DetalleCursoDcp?curso=ONL-21-01-13-0236"
"37","Aspectos Basicos De Azure","/BuscarCursoNuevo/DetalleCursoDcp?curso=ONL-21-01-13-0235"
"38","Incorporacion De Logica A Las Aplicaciones Con C#","/BuscarCursoNuevo/DetalleCursoDcp?curso=ONL-21-01-13-0234"
"39","Uso De Datos En C#","/BuscarCursoNuevo/DetalleCursoDcp?curso=ONL-21-01-13-0233"
"40","Primeros Pasos Con C#","/BuscarCursoNuevo/DetalleCursoDcp?curso=ONL-21-01-13-0232"
"41","Formaliza Tu Emprendimiento","/BuscarCursoNuevo/DetalleCursoDcp?curso=ONL-19-01-13-0140"
"42","Estandares De Calidad","/BuscarCursoNuevo/DetalleCursoDcp?curso=ONL-19-01-13-0139"
"43","Visualizador De Datos","/BuscarCursoNuevo/DetalleCursoDcp?curso=ONL-19-01-13-0138"
"44","Administrador De Servidores","/BuscarCursoNuevo/DetalleCursoDcp?curso=ONL-19-01-13-0137"
"45","Gobernanza Ti","/BuscarCursoNuevo/DetalleCursoDcp?curso=ONL-19-01-13-0136"
"46","Evaluador De Indicadores Clave (Kpi)","/BuscarCursoNuevo/DetalleCursoDcp?curso=ONL-19-01-13-0135"
"47","Evaluador De Aprendizaje Digital","/BuscarCursoNuevo/DetalleCursoDcp?curso=ONL-19-01-13-0134"
"48","Facilitador De Aprendizaje Digital","/BuscarCursoNuevo/DetalleCursoDcp?curso=ONL-19-01-13-0133"
"49","Desarrollador De Contenidos De Aprendizaje","/BuscarCursoNuevo/DetalleCursoDcp?curso=ONL-19-01-13-0132"
"50","Administrador De Plataformas Digitales De Aprendizaje","/BuscarCursoNuevo/DetalleCursoDcp?curso=ONL-19-01-13-0131"
"51","Diseñador De Oferta Turistica","/BuscarCursoNuevo/DetalleCursoDcp?curso=ONL-19-01-13-0128"
"52","Promotor Turistico","/BuscarCursoNuevo/DetalleCursoDcp?curso=ONL-19-01-13-0129"
"53","Representante Telefonico En Turismo","/BuscarCursoNuevo/DetalleCursoDcp?curso=ONL-19-01-13-0130"
"54","Trabajo En Equipo","/BuscarCursoNuevo/DetalleCursoDcp?curso=ONL-19-01-13-0079"
"55","Manejo De Reuniones De Trabajo","/BuscarCursoNuevo/DetalleCursoDcp?curso=ONL-19-01-13-0077"
"56","Habilidades De Presentacion","/BuscarCursoNuevo/DetalleCursoDcp?curso=ONL-19-01-13-0076"
"57","Envasado De Productos","/BuscarCursoNuevo/DetalleCursoDcp?curso=ONL-19-01-13-0074"
"58","Promotor De Productos Organicos","/BuscarCursoNuevo/DetalleCursoDcp?curso=ONL-19-01-13-0073"
"59","Agente De Venta Digital","/BuscarCursoNuevo/DetalleCursoDcp?curso=ONL-19-01-13-0072"
"60","Exhibicion De Productos","/BuscarCursoNuevo/DetalleCursoDcp?curso=ONL-19-01-13-0071"
"61","Mejora De Procesos","/BuscarCursoNuevo/DetalleCursoDcp?curso=ONL-19-01-13-0070"
"62","Como Integrar El Perfil De Un Cliente","/BuscarCursoNuevo/DetalleCursoDcp?curso=ONL-19-01-13-0068"
"63","Conociendo El Comercio Al Detalle","/BuscarCursoNuevo/DetalleCursoDcp?curso=ONL-19-01-13-0067"
"64","Analisis Y Diseño Del Sistema De Informacion Contable","/BuscarCursoNuevo/DetalleCursoDcp?curso=ONL-19-01-13-0066"
"65","Relaciones Comerciales","/BuscarCursoNuevo/DetalleCursoDcp?curso=ONL-19-01-13-0065"
"66","Diseño De Indicadores","/BuscarCursoNuevo/DetalleCursoDcp?curso=ONL-19-01-13-0064"
"67","Etiquetado De Productos","/BuscarCursoNuevo/DetalleCursoDcp?curso=ONL-19-01-13-0075"
"68","Protocolo De Atencion Y Servicio","/BuscarCursoNuevo/DetalleCursoDcp?curso=ONL-19-01-13-0078"
"69","Negocios De Alimentos Moviles","/BuscarCursoNuevo/DetalleCursoDcp?curso=ONL-19-01-13-0069"
"70","Liderazgo","/BuscarCursoNuevo/DetalleCursoDcp?curso=ONL-19-01-13-0037"
"71","Marketing Digital","/BuscarCursoNuevo/DetalleCursoDcp?curso=ONL-19-01-13-0003"
"72","Formulacion Y Evaluacion De Proyectos","/BuscarCursoNuevo/DetalleCursoDcp?curso=ONL-19-01-13-0006"
"73","Conexion Laboral","/BuscarCursoNuevo/DetalleCursoDcp?curso=ONL-21-01-13-0285"
"74","Analista Financiero","/BuscarCursoNuevo/DetalleCursoDcp?curso=ONL-19-01-13-0207"
"75","Analista De Big Data","/BuscarCursoNuevo/DetalleCursoDcp?curso=ONL-19-01-13-0206"
"76","Especialista De Soporte Tecnico","/BuscarCursoNuevo/DetalleCursoDcp?curso=ONL-19-01-13-0205"
"77","Experto En Marketing Digital","/BuscarCursoNuevo/DetalleCursoDcp?curso=ONL-19-01-13-0204"
"78","Especialista De Atencion Al Cliente","/BuscarCursoNuevo/DetalleCursoDcp?curso=ONL-19-01-13-0203"
"79","Administrador De Ti","/BuscarCursoNuevo/DetalleCursoDcp?curso=ONL-19-01-13-0202"
"80","Gestor De Proyectos","/BuscarCursoNuevo/DetalleCursoDcp?curso=ONL-19-01-13-0201"
"81","Representante De Ventas","/BuscarCursoNuevo/DetalleCursoDcp?curso=ONL-19-01-13-0200"
"82","Desarrollador De Software","/BuscarCursoNuevo/DetalleCursoDcp?curso=ONL-19-01-13-0199"
"83","Diseñador Grafico","/BuscarCursoNuevo/DetalleCursoDcp?curso=ONL-19-01-13-0208"
"84","Busqueda Efectiva De Empleo","/BuscarCursoNuevo/DetalleCursoDcp?curso=ONL-19-01-13-0196"
"85","¿Como Sacarle Partido Al Teletrabajo?","/BuscarCursoNuevo/DetalleCursoDcp?curso=ONL-19-01-13-0194"
"86","Preparate Para Una Entrevista Laboral Online","/BuscarCursoNuevo/DetalleCursoDcp?curso=ONL-19-01-13-0198"
"87","Marca Personal","/BuscarCursoNuevo/DetalleCursoDcp?curso=ONL-19-01-13-0197"
"88","Administracion Del Tiempo","/BuscarCursoNuevo/DetalleCursoDcp?curso=ONL-19-01-13-0195"
"89","Comercio Digital","/BuscarCursoNuevo/DetalleCursoDcp?curso=ONL-19-01-13-0036"
"90","Comercializacion Y Distribucion","/BuscarCursoNuevo/DetalleCursoDcp?curso=ONL-19-01-13-0035"
"91","Como Calcular Tu Inversion","/BuscarCursoNuevo/DetalleCursoDcp?curso=ONL-19-01-13-0034"
"92","Fundamentos Machine Learning","/BuscarCursoNuevo/DetalleCursoDcp?curso=ONL-19-01-13-0033"
"93","Analista De Datos","/BuscarCursoNuevo/DetalleCursoDcp?curso=ONL-19-01-13-0032"
"94","Visualizador Big Data","/BuscarCursoNuevo/DetalleCursoDcp?curso=ONL-19-01-13-0031"
"95","Logica De Programacion","/BuscarCursoNuevo/DetalleCursoDcp?curso=ONL-19-01-13-0029"
"96","Curador De Datos","/BuscarCursoNuevo/DetalleCursoDcp?curso=ONL-19-01-13-0028"
"97","Administrador De Bases De Datos","/BuscarCursoNuevo/DetalleCursoDcp?curso=ONL-19-01-13-0030"
"98","Computacion Basica","/BuscarCursoNuevo/DetalleCursoDcp?curso=ONL-19-01-13-0002"
"99","Desarrollador De Videojuegos","/BuscarCursoNuevo/DetalleCursoDcp?curso=ONL-19-01-13-0001"
"100","Ideas Para Crecer Tu Negocio","/BuscarCursoNuevo/DetalleCursoDcp?curso=ONL-19-01-13-0008"
"101","Evaluacion De Ideas De Negocio","/BuscarCursoNuevo/DetalleCursoDcp?curso=ONL-19-01-13-0007"
"102","Desarrollador De Proyectos En La Nube","/BuscarCursoNuevo/DetalleCursoDcp?curso=ONL-19-01-13-0005"
"103","Analista De Proyectos Inteligencia De Negocios","/BuscarCursoNuevo/DetalleCursoDcp?curso=ONL-19-01-13-0004"
"104","Instalaciones Electricas Tipo F Y G","/BuscarCursoNuevo/DetalleCursoDcp?curso=CCE-21-01-14-0001-1"
"105","Anfitrion Y Guia Turistico","/BuscarCursoNuevo/DetalleCursoDcp?curso=CCE-21-01-14-0003-1"
"106","Maestro General En Obras Menores","/BuscarCursoNuevo/DetalleCursoDcp?curso=CCE-21-01-14-0002-1"
"107","Operacion De Grua Horquilla","/BuscarCursoNuevo/DetalleCursoDcp?curso=BOTIC-CNC-20-10-05-0007"
"108","Elaboracion De Preparaciones De Pasteleria","/BuscarCursoNuevo/DetalleCursoDcp?curso=BOTIC-CNC-20-10-07-0009"
"109","Operacion De Grua Horquilla","/BuscarCursoNuevo/DetalleCursoDcp?curso=RLAB-20-01-02-0062-2"
"110","Tecnica De Ventas Por Canales Digitales","/BuscarCursoNuevo/DetalleCursoDcp?curso=CAP-21-01-14-0250-1"
"111","Operacion De Grua Horquilla","/BuscarCursoNuevo/DetalleCursoDcp?curso=RLAB-20-01-02-0062-1"
"112","Desarrollador Aplicaciones Frontend Trainee","/BuscarCursoNuevo/DetalleCursoDcp?curso=RLAB-21-02-13-0029-1"
"113","Operacion De Grua Horquilla","/BuscarCursoNuevo/DetalleCursoDcp?curso=RLAB-20-01-14-0072-1"
"114","Cajero Polifuncional","/BuscarCursoNuevo/DetalleCursoDcp?curso=CAP-21-01-08-0200-1"
"115","Tecnicas De Soldadura Por Oxigas Arco Voltaico Tig Y Mig","/BuscarCursoNuevo/DetalleCursoDcp?curso=CAP-20-01-04-0396"
"116","Tecnicas De Montaje Industrial","/BuscarCursoNuevo/DetalleCursoDcp?curso=CAP-20-01-04-0273"
"117","Tecnicas De Montaje Industrial","/BuscarCursoNuevo/DetalleCursoDcp?curso=CAP-20-01-04-0272"
"118","Tecnicas De Soldadura Por Oxigas Arco Voltaico Tig Y Mig","/BuscarCursoNuevo/DetalleCursoDcp?curso=CAP-20-01-04-0270"
"119","Despachador De Productos","/BuscarCursoNuevo/DetalleCursoDcp?curso=CCE-20-01-10-0012-1"
"120","Facturacion Electronica","/BuscarCursoNuevo/DetalleCursoDcp?curso=DMIPE-21-02-13-0243-1"
"121","Desarrollo De Aplicaciones Moviles Android Trainee","/BuscarCursoNuevo/DetalleCursoDcp?curso=RLAB-21-02-09-0049-2"
"122","Desarrollo De Aplicaciones Moviles Android Trainee","/BuscarCursoNuevo/DetalleCursoDcp?curso=RLAB-21-02-09-0049-1"
"123","Diseñador Ux/Ui","/BuscarCursoNuevo/DetalleCursoDcp?curso=RLAB-21-02-09-0048-1"
"124","Cocina Nacional E Internacional","/BuscarCursoNuevo/DetalleCursoDcp?curso=CAP-20-01-07-0214"
"125","Mantencion E Instalacion De Equipos De Climatizacion Y Refrigeracion","/BuscarCursoNuevo/DetalleCursoDcp?curso=CAP-20-01-07-0361"
"126","Mantencion E Instalacion De Equipos De Climatizacion Y Refrigeracion","/BuscarCursoNuevo/DetalleCursoDcp?curso=CAP-20-01-07-0360"
"127","Electricidad Industrial Certificacion Sec Clase D","/BuscarCursoNuevo/DetalleCursoDcp?curso=CAP-20-01-07-0320"
"128","Instalaciones Sanitarias Y Gas Clase 3 Sec","/BuscarCursoNuevo/DetalleCursoDcp?curso=CAP-20-01-07-0104"
"129","Instalaciones Sanitarias Y Gas Clase 3 Sec","/BuscarCursoNuevo/DetalleCursoDcp?curso=CAP-20-01-07-0103"
"130","Instalaciones Electricas Domiciliarias Con Mencion En Modulos Fotovoltaicos","/BuscarCursoNuevo/DetalleCursoDcp?curso=CAP-20-01-07-0102"
"131","Instalaciones Electricas Domiciliarias","/BuscarCursoNuevo/DetalleCursoDcp?curso=CAP-20-01-07-0099"
"132","Actividades Auxiliares Administrativas, Mencion Normativa Financiera Internacional","/BuscarCursoNuevo/DetalleCursoDcp?curso=CAP-21-01-14-0347-1"
"133","Actividades Auxiliares Administrativas, Mencion Contabilidad","/BuscarCursoNuevo/DetalleCursoDcp?curso=CAP-21-01-14-0238-1"
"134","Gestion Y Estrategias De Ventas","/BuscarCursoNuevo/DetalleCursoDcp?curso=DMIPE-21-02-13-0385-1"
"135","Instalaciones Electricas Domiciliarias Clase D Mencion Domotica (Independiente)","/BuscarCursoNuevo/DetalleCursoDcp?curso=CAP-21-01-14-0243-1"
"136","Tecnicas De Preparaciones De Gastronomia, Panaderia Y Pasteleria","/BuscarCursoNuevo/DetalleCursoDcp?curso=CAP-21-01-14-0242-1"
"137","Desarrollo De Aplicaciones Full Stack Java Trainee","/BuscarCursoNuevo/DetalleCursoDcp?curso=RLAB-21-02-13-0019-1"
"138","Desarrollo De Aplicaciones Full Stack Python Trainee","/BuscarCursoNuevo/DetalleCursoDcp?curso=RLAB-21-02-13-0022-1"
"139","Desarrollo De Aplicaciones Full Stack Python Trainee","/BuscarCursoNuevo/DetalleCursoDcp?curso=RLAB-21-02-13-0023-1"
"140","Desarrollo De Aplicaciones Full Stack Python Trainee","/BuscarCursoNuevo/DetalleCursoDcp?curso=RLAB-21-02-13-0024-1"
"141","Asistente Administrativo De Recursos Humanos","/BuscarCursoNuevo/DetalleCursoDcp?curso=CAP-20-01-05-0068"
"142","Desarrollador Aplicaciones Frontend Trainee","/BuscarCursoNuevo/DetalleCursoDcp?curso=RLAB-21-02-16-0039-1"
"143","Cocina Nacional E Internacional","/BuscarCursoNuevo/DetalleCursoDcp?curso=CAP-20-01-04-0276"
"144","Tecnicas De Analisis Y Desarrollo De Aplicaciones De Software Y De Diseños De Base De Datos","/BuscarCursoNuevo/DetalleCursoDcp?curso=CAP-21-01-10-0305-1"
"145","Cocina Nacional E Internacional","/BuscarCursoNuevo/DetalleCursoDcp?curso=CAP-21-01-05-0056-1"
"146","Garzon Y Barman Profesional","/BuscarCursoNuevo/DetalleCursoDcp?curso=CAP-21-01-05-0057-1"
"147","Enfierradura Y Albañileria","/BuscarCursoNuevo/DetalleCursoDcp?curso=CAP-21-01-05-0040-1"
"148","Desarrollo De Aplicaciones Full Stack Java Trainee","/BuscarCursoNuevo/DetalleCursoDcp?curso=RLAB-21-02-09-0046-1"
"149","Desarrollo De Aplicaciones Full Stack Java Trainee","/BuscarCursoNuevo/DetalleCursoDcp?curso=RLAB-21-02-13-0018-1"
"150","Desarrollo De Aplicaciones Full Stack Java Trainee","/BuscarCursoNuevo/DetalleCursoDcp?curso=RLAB-21-02-13-0017-1"
"151","Desarrollo De Aplicaciones Full Stack Python Trainee","/BuscarCursoNuevo/DetalleCursoDcp?curso=RLAB-21-02-05-0010-1"
"152","Tecnicas De Masajes, Maquillaje Y Depilacion","/BuscarCursoNuevo/DetalleCursoDcp?curso=CAP-21-01-05-0060-1"
"153","Ayudante Mecanico Industrial","/BuscarCursoNuevo/DetalleCursoDcp?curso=CCE-21-01-05-0011-1"
"154","Asistente De Mantenimiento Industrial Multidiciplinar","/BuscarCursoNuevo/DetalleCursoDcp?curso=CCE-21-01-05-0010-1"
"155","Ceramista En Obra De Construccion","/BuscarCursoNuevo/DetalleCursoDcp?curso=CCE-20-01-10-0013-1"
"156","Procesos De Anilisis De Datos","/BuscarCursoNuevo/DetalleCursoDcp?curso=RLAB-21-01-05-0026-1"
"157","Administracion De Bases De Datos","/BuscarCursoNuevo/DetalleCursoDcp?curso=RLAB-21-01-05-0024-1"
"158","Administracion De Redes Sociales","/BuscarCursoNuevo/DetalleCursoDcp?curso=RLAB-21-01-05-0023-1"
"159","Maestro Panadero Y Pastelero","/BuscarCursoNuevo/DetalleCursoDcp?curso=CAP-21-01-05-0058-1"
"160","Cocina Nacional E Internacional","/BuscarCursoNuevo/DetalleCursoDcp?curso=CAP-20-01-04-0275"
"161","Cocina Nacional E Internacional","/BuscarCursoNuevo/DetalleCursoDcp?curso=CAP-20-01-04-0274"
"162","Tecnicas De Soldadura Por Oxigas Arco Voltaico Tig Y Mig","/BuscarCursoNuevo/DetalleCursoDcp?curso=CAP-20-01-04-0269"
"163","Tecnicas De Soldadura Por Oxigas Arco Voltaico Tig Y Mig","/BuscarCursoNuevo/DetalleCursoDcp?curso=CAP-20-01-04-0268"
"164","Administracion De Bodegas","/BuscarCursoNuevo/DetalleCursoDcp?curso=CAP-21-01-05-0054-1"
"165","Asistente Administrativo Computacional","/BuscarCursoNuevo/DetalleCursoDcp?curso=CAP-21-01-05-0055-1"
"166","Cuidado Y Atencion De Enfermos Con Medicina Tradicional Y Alternativa","/BuscarCursoNuevo/DetalleCursoDcp?curso=CAP-21-01-05-0034-1"
"167","Operador Polifuncional De Empresas De Retail","/BuscarCursoNuevo/DetalleCursoDcp?curso=CAP-21-01-05-0052-1"
"168","Gasfiteria E Instalaciones Sanitarias","/BuscarCursoNuevo/DetalleCursoDcp?curso=CAP-21-01-05-0039-1"
"169","Cocina Nacional E Internacional","/BuscarCursoNuevo/DetalleCursoDcp?curso=CAP-21-01-05-0061-1"
"170","Actividades Auxiliares Paramedicas De Enfermeria","/BuscarCursoNuevo/DetalleCursoDcp?curso=CAP-21-01-13-0342-1"
"171","Desarrollo De Aplicaciones Full Stack Javascript Trainee","/BuscarCursoNuevo/DetalleCursoDcp?curso=RLAB-21-02-14-0050-2"
"172","Desarrollo De Aplicaciones Full Stack Javascript Trainee","/BuscarCursoNuevo/DetalleCursoDcp?curso=RLAB-21-02-11-0053-1"
"173","Analisis De Datos","/BuscarCursoNuevo/DetalleCursoDcp?curso=RLAB-21-02-13-0033-1"
"174","Analisis De Datos","/BuscarCursoNuevo/DetalleCursoDcp?curso=RLAB-21-02-13-0032-1"
"175","Analisis De Datos","/BuscarCursoNuevo/DetalleCursoDcp?curso=RLAB-21-02-05-0014-1"
"176","Desarrollo De Aplicaciones Full Stack Java Trainee","/BuscarCursoNuevo/DetalleCursoDcp?curso=RLAB-21-02-05-0008-1"
"177","Gestor De Las Comunicaciones Y Atencion Al Cliente Con Manejo De Ingles Basico","/BuscarCursoNuevo/DetalleCursoDcp?curso=CAP-20-01-05-0264"
"178","Cocina Nacional E Internacional","/BuscarCursoNuevo/DetalleCursoDcp?curso=CAP-20-01-07-0215"
"179","Vendedor Tiendas Y Servicios","/BuscarCursoNuevo/DetalleCursoDcp?curso=CAP-20-01-08-0144"
"180","Actividades Auxiliares Administrativas","/BuscarCursoNuevo/DetalleCursoDcp?curso=CAP-20-01-08-0138"
"181","Servicio De Recepcion Hotelera","/BuscarCursoNuevo/DetalleCursoDcp?curso=CAP-20-01-08-0131"
"182","Actividades Auxiliares Administrativas","/BuscarCursoNuevo/DetalleCursoDcp?curso=CAP-20-01-08-0129"
"183","Actividades Auxiliares Administrativas","/BuscarCursoNuevo/DetalleCursoDcp?curso=CAP-20-01-08-0128"
"184","Asistente Administrativo De Recursos Humanos","/BuscarCursoNuevo/DetalleCursoDcp?curso=CAP-20-01-05-0065"
"185","Difusion De Informacion Turistica","/BuscarCursoNuevo/DetalleCursoDcp?curso=RLAB-20-01-05-0118-1"
"186","Gestor De Las Comunicaciones Y Atencion Al Cliente Con Manejo De Ingles Basico","/BuscarCursoNuevo/DetalleCursoDcp?curso=CAP-20-01-05-0262"
"187","Operacion De Grua Horquilla","/BuscarCursoNuevo/DetalleCursoDcp?curso=RLAB-21-01-09-0081-1"
"188","Asistencia En Contabilidad General Mencion Recursos Humanos","/BuscarCursoNuevo/DetalleCursoDcp?curso=CAP-20-03-13-0178"
"189","Tratamiento De Aguas Residuos Y Riles","/BuscarCursoNuevo/DetalleCursoDcp?curso=CAP-20-01-06-0037"
"190","Servicio De Guardia De Seguridad Privada","/BuscarCursoNuevo/DetalleCursoDcp?curso=RLAB-20-01-03-0053-2"
"191","Asistente Administrativo De Recursos Humanos","/BuscarCursoNuevo/DetalleCursoDcp?curso=CAP-20-01-05-0066"
"192","Enfierradura Y Albañileria","/BuscarCursoNuevo/DetalleCursoDcp?curso=CAP-21-01-04-0030-1"
"193","Enfierradura Y Albañileria","/BuscarCursoNuevo/DetalleCursoDcp?curso=CAP-21-01-04-0029-1"
"194","Asistencia Administrativa Mencion Contabilidad","/BuscarCursoNuevo/DetalleCursoDcp?curso=CAP-20-01-16-0231"
"195","Administracion De Redes Sociales","/BuscarCursoNuevo/DetalleCursoDcp?curso=CAP-20-01-16-0225"
"196","Mecanico General De Mantenimiento","/BuscarCursoNuevo/DetalleCursoDcp?curso=RLAB-21-01-09-0079-1"
"197","Herramientas De Ofimatica En Nivel Intermedio","/BuscarCursoNuevo/DetalleCursoDcp?curso=DMIPE-21-02-07-0226-1"
"198","Recepcion En Servicio De Turismo","/BuscarCursoNuevo/DetalleCursoDcp?curso=CCE-21-01-01-0006-1"
"199","Asistencia En Bodega","/BuscarCursoNuevo/DetalleCursoDcp?curso=CCE-21-01-01-0005-1"
"200","Gestion De Redes Sociales","/BuscarCursoNuevo/DetalleCursoDcp?curso=DMIPE-21-02-12-0118-1"
"201","Programacion Tics","/BuscarCursoNuevo/DetalleCursoDcp?curso=CCE-21-01-07-0004-1"
"202","Manipuladora Del Programa De Alimentacion Escolar","/BuscarCursoNuevo/DetalleCursoDcp?curso=CAP-21-01-10-0302-1"
"203","Comercio Electronico Y Marketing Digital","/BuscarCursoNuevo/DetalleCursoDcp?curso=DMIPE-21-02-07-0216-1"
"204","Operador Logistico De Aprovisionamiento","/BuscarCursoNuevo/DetalleCursoDcp?curso=CCE-20-01-02-0024-1"
"205","Operador Logistico De Aprovisionamiento","/BuscarCursoNuevo/DetalleCursoDcp?curso=CCE-20-01-02-0022-1"
"206","Desarrollador Web Frontend","/BuscarCursoNuevo/DetalleCursoDcp?curso=RLAB-21-01-09-0117-1"
"207","Tecnicas De Construccion Y Operacion De Maquinaria Pesada Con Licencia Clase D","/BuscarCursoNuevo/DetalleCursoDcp?curso=CAP-21-01-10-0307-1"
"208","Control De Gestion En Mypes","/BuscarCursoNuevo/DetalleCursoDcp?curso=DMIPE-21-02-07-0218-1"
"209","Gestion De Personal En Mypes","/BuscarCursoNuevo/DetalleCursoDcp?curso=DMIPE-21-02-07-0225-1"
"210","Operaciones De Mantenimiento Industrial Mecanico Y Electrico, Y Control De Procesos Industriales","/BuscarCursoNuevo/DetalleCursoDcp?curso=CAP-21-01-10-0306-1"
"211","Servicios De Comercializacion, Asistencia Y Atencion Al Cliente","/BuscarCursoNuevo/DetalleCursoDcp?curso=RLAB-21-01-12-0120-1"
"212","Desarrollo De Aplicaciones Full Stack Python Trainee","/BuscarCursoNuevo/DetalleCursoDcp?curso=RLAB-21-02-08-0044-1"
"213","Inventario Y Gestion De La Informacion","/BuscarCursoNuevo/DetalleCursoDcp?curso=RLAB-20-01-12-0077-2"
"214","Inventario Y Gestion De La Informacion","/BuscarCursoNuevo/DetalleCursoDcp?curso=RLAB-20-01-12-0077-1"
"215","Servicio De Peluqueria Canina","/BuscarCursoNuevo/DetalleCursoDcp?curso=BFCS-21-02-12-0073-1"
"216","Peluqueria","/BuscarCursoNuevo/DetalleCursoDcp?curso=DMIPE-21-02-12-0120-1"
"217","Ingles Orientado A Los Negocios","/BuscarCursoNuevo/DetalleCursoDcp?curso=DMIPE-21-02-12-0349-1"
"218","Estetica Integral Tratamientos Corporales","/BuscarCursoNuevo/DetalleCursoDcp?curso=CAP-20-01-10-0106"
"219","Administracion De Redes Sociales","/BuscarCursoNuevo/DetalleCursoDcp?curso=CAP-20-01-16-0224"
"220","Supervision De Tienda En Empresas De Retail","/BuscarCursoNuevo/DetalleCursoDcp?curso=RLAB-21-01-04-0021-1"
"221","Vendedor En Tiendas Por Departamento","/BuscarCursoNuevo/DetalleCursoDcp?curso=RLAB-21-01-04-0019-1"
"222","Estrategias Para La Comercializacion Y Atencion De Clientes En Sector Comercio","/BuscarCursoNuevo/DetalleCursoDcp?curso=RLAB-21-01-04-0018-1"
"223","Actividades Auxiliares De Bodega","/BuscarCursoNuevo/DetalleCursoDcp?curso=RLAB-21-01-04-0020-1"
"224","Ceramista","/BuscarCursoNuevo/DetalleCursoDcp?curso=CAP-20-01-14-0061"
"225","Instalador Electrico Domiciliario Clase D Sec","/BuscarCursoNuevo/DetalleCursoDcp?curso=CAP-19-03-07-0112"
"226","Operaciones Logisticas Mencion Equipos Electricos O Mecanicos","/BuscarCursoNuevo/DetalleCursoDcp?curso=CAP-20-01-07-0365"
"227","Operaciones Logisticas Mencion Equipos Electricos O Mecanicos","/BuscarCursoNuevo/DetalleCursoDcp?curso=CAP-20-01-07-0364"
"228","Instalaciones Electricas Domiciliarias","/BuscarCursoNuevo/DetalleCursoDcp?curso=CAP-20-01-07-0098"
"229","Instalaciones Electricas Domiciliarias","/BuscarCursoNuevo/DetalleCursoDcp?curso=CAP-20-01-07-0097"
"230","Reflexologia Podal","/BuscarCursoNuevo/DetalleCursoDcp?curso=CAP-20-01-09-0122"
"231","Instalador De Gas Clase 3","/BuscarCursoNuevo/DetalleCursoDcp?curso=CAP-20-01-14-0378"
"232","Servicio De Guardia De Seguridad Privada","/BuscarCursoNuevo/DetalleCursoDcp?curso=RLAB-20-01-07-0055-2"
"233","Operaciones Logisticas Mencion Equipos Electricos O Mecanicos","/BuscarCursoNuevo/DetalleCursoDcp?curso=CAP-20-01-05-0353"
"234","Operaciones Logisticas Mencion Equipos Electricos O Mecanicos","/BuscarCursoNuevo/DetalleCursoDcp?curso=CAP-20-01-05-0352"
"235","Operaciones Logisticas Mencion Equipos Electricos O Mecanicos","/BuscarCursoNuevo/DetalleCursoDcp?curso=CAP-20-01-10-0370"
"236","Operaciones Logisticas Mencion Equipos Electricos O Mecanicos","/BuscarCursoNuevo/DetalleCursoDcp?curso=CAP-20-01-10-0369"
"237","Vendedor En Tiendas Por Departamento","/BuscarCursoNuevo/DetalleCursoDcp?curso=RLAB-20-01-04-0080-2"
"238","Servicio De Guardia De Seguridad Privada","/BuscarCursoNuevo/DetalleCursoDcp?curso=RLAB-20-01-07-0054-1"
"239","Servicio De Guardia De Seguridad Privada","/BuscarCursoNuevo/DetalleCursoDcp?curso=RLAB-20-01-07-0056-1"
"240","Actividades Auxiliares De Bodega","/BuscarCursoNuevo/DetalleCursoDcp?curso=CAP-19-03-08-0079"
"241","Actividades Auxiliares Administrativas","/BuscarCursoNuevo/DetalleCursoDcp?curso=CAP-19-03-08-0077"
"242","Actividades Auxiliares De Bodega","/BuscarCursoNuevo/DetalleCursoDcp?curso=CAP-19-03-08-0068"
"243","Vendedor Tiendas Y Servicios","/BuscarCursoNuevo/DetalleCursoDcp?curso=CAP-19-03-08-0067"
"244","Actividades Auxiliares Administrativas","/BuscarCursoNuevo/DetalleCursoDcp?curso=CAP-19-03-08-0065"
"245","Operacion De Grua Horquilla Con Licencia Clase D","/BuscarCursoNuevo/DetalleCursoDcp?curso=SECT-19-01-13-0204"
"246","Instalaciones Sanitarias","/BuscarCursoNuevo/DetalleCursoDcp?curso=SECT-19-01-09-0094"
"247","Carpintero De Obra Gruesa En Edificacion","/BuscarCursoNuevo/DetalleCursoDcp?curso=SECT-19-01-09-0093"
"248","Albañil De Obra De Edificacion, Sistema Metalcon Y Terminaciones Finas","/BuscarCursoNuevo/DetalleCursoDcp?curso=SECT-19-01-09-0091"
"249","Fabricacion E Instalacion De Ventanas Termopaneles Y De Aluminio","/BuscarCursoNuevo/DetalleCursoDcp?curso=SECT-19-01-09-0090"
"250","Operaciones Basicas De Conduccion De Un Dron Rpa","/BuscarCursoNuevo/DetalleCursoDcp?curso=RLAB-19-02-08-0022-2"
"251","Preparacion De Pedidos De Productos Y Unidades Logisticas Con Voicepicking(Presencial)","/BuscarCursoNuevo/DetalleCursoDcp?curso=RLAB-19-02-13-0031-3"
"252","Operaciones Basicas De Conduccion De Un Dron Rpa","/BuscarCursoNuevo/DetalleCursoDcp?curso=RLAB-19-02-13-0011-1"
"253","Cocina Nacional E Internacional","/BuscarCursoNuevo/DetalleCursoDcp?curso=CAP-19-03-04-0012"
"254","Cocina Nacional E Internacional","/BuscarCursoNuevo/DetalleCursoDcp?curso=CAP-19-03-04-0011"
"255","Instalacion Y Mantencion De Equipos Electronicos De Telecomunicaciones","/BuscarCursoNuevo/DetalleCursoDcp?curso=CAP-20-03-13-0009"
"256","Montaje Y Conexionado De Sistemas De Eco Energias","/BuscarCursoNuevo/DetalleCursoDcp?curso=CAP-20-03-13-0005"
"257","Tecnicas De Maquillaje Y Ondulacion De Pestañas","/BuscarCursoNuevo/DetalleCursoDcp?curso=BOTIC-CNC-20-10-13-0023"
"258","Curso Especial Con Simulador De Inmersion Total Conducente A Licencia De Conductor Profesional Clase A3","/BuscarCursoNuevo/DetalleCursoDcp?curso=SEC-TR-20-01-13-0090"
"259","Curso Especial Con Simulador De Inmersion Total Conducente A Licencia De Conductor Profesional Clase A3","/BuscarCursoNuevo/DetalleCursoDcp?curso=SEC-TR-21-01-13-0028-5"
"260","Tecnicas Avanzadas En Tejidos A Telar","/BuscarCursoNuevo/DetalleCursoDcp?curso=BOTIC-CCHC-19-11-01-0051"
"261","Encargado Polifuncional De Supermercado Y Megatienda","/BuscarCursoNuevo/DetalleCursoDcp?curso=CAP-20-03-13-0106"
"262","Encargado Polifuncional De Supermercado Y Megatienda","/BuscarCursoNuevo/DetalleCursoDcp?curso=CAP-20-03-13-0105"
"263","Mecanica Automotriz","/BuscarCursoNuevo/DetalleCursoDcp?curso=CAP-20-03-13-0101"
"264","Mecanica Automotriz","/BuscarCursoNuevo/DetalleCursoDcp?curso=CAP-20-03-13-0100"
"265","Mecanica Automotriz","/BuscarCursoNuevo/DetalleCursoDcp?curso=CAP-20-03-13-0099"
"266","Instalaciones Electricas","/BuscarCursoNuevo/DetalleCursoDcp?curso=CAP-20-03-13-0096"
"267","Instalaciones Electricas","/BuscarCursoNuevo/DetalleCursoDcp?curso=CAP-20-03-13-0095"
"268","Instalaciones Electricas","/BuscarCursoNuevo/DetalleCursoDcp?curso=CAP-20-03-13-0094"
"269","Logistica Y Operacion De Grua Horquilla","/BuscarCursoNuevo/DetalleCursoDcp?curso=CAP-20-03-13-0090"
"270","Disenador De Pagina Web Y Gestor De Redes Sociales","/BuscarCursoNuevo/DetalleCursoDcp?curso=CAP-20-03-13-0084"
"271","Asistente En Gestion De Personas","/BuscarCursoNuevo/DetalleCursoDcp?curso=CAP-20-01-10-0313"
"272","Asistente En Gestion De Personas","/BuscarCursoNuevo/DetalleCursoDcp?curso=CAP-20-01-10-0312"
"273","Asistente En Gestion De Personas","/BuscarCursoNuevo/DetalleCursoDcp?curso=CAP-20-01-10-0311"
"274","Especialista En Tecnicas De La Cosmetica","/BuscarCursoNuevo/DetalleCursoDcp?curso=CAP-20-01-09-0119"
"275","Gestion De Emprendimientos","/BuscarCursoNuevo/DetalleCursoDcp?curso=CEMP-21-01-13-0098-1"
"276","Gestion De Emprendimientos","/BuscarCursoNuevo/DetalleCursoDcp?curso=CEMP-21-01-13-0096-1"
"277","Gestion De Emprendimientos","/BuscarCursoNuevo/DetalleCursoDcp?curso=CEMP-21-01-13-0105-1"
"278","Gestion De Emprendimientos","/BuscarCursoNuevo/DetalleCursoDcp?curso=CEMP-21-01-13-0097-1"
"279","Mantenimiento De Fuentes De Agua Potable Y Eficiencia Hidrica","/BuscarCursoNuevo/DetalleCursoDcp?curso=BOTIC-CORFI-20-28-07-0005"
"280","Atencion Hotelera Con Mencion Ingles Basico","/BuscarCursoNuevo/DetalleCursoDcp?curso=BOTIC-ASIME-20-23-15-0024"
"281","Curso Especial Con Simulador De Inmersion Total Conducente A Licencia De Conductor Profesional Clase A3","/BuscarCursoNuevo/DetalleCursoDcp?curso=BOTIC-SOFOF-19-26-08-0379"
"282","Curso Especial Con Simulador De Inmersion Total Conducente A Licencia De Conductor Profesional Clase A3","/BuscarCursoNuevo/DetalleCursoDcp?curso=BOTIC-SOFOF-19-26-08-0378"
"283","Curso Especial Con Simulador De Inmersion Total Conducente A Licencia De Conductor Profesional Clase A3","/BuscarCursoNuevo/DetalleCursoDcp?curso=BOTIC-SOFOF-19-26-08-0377"
"284","Energia Solar","/BuscarCursoNuevo/DetalleCursoDcp?curso=RLAB-20-01-05-0122-2"
"285","Energia Solar","/BuscarCursoNuevo/DetalleCursoDcp?curso=RLAB-20-01-05-0122-1"
"286","Curso Especial Con Simulador De Inmersion Total Conducente A Licencia De Conductor Profesional Clase A5","/BuscarCursoNuevo/DetalleCursoDcp?curso=SEC-TR-21-01-10-0031-2"
"287","Formulacion De Proyectos","/BuscarCursoNuevo/DetalleCursoDcp?curso=BOTIC-CCHC-19-11-03-0107"
"288","Actividades Auxiliares Administrativas Mencion Recursos Humanos","/BuscarCursoNuevo/DetalleCursoDcp?curso=CAP-20-01-08-0341"
"289","Asistencia En La Elaboracion De Preparaciones Culinarias","/BuscarCursoNuevo/DetalleCursoDcp?curso=BOTIC-SOFOF-19-26-02-0003"
"290","Gestion De Emprendimientos","/BuscarCursoNuevo/DetalleCursoDcp?curso=CEMP-21-01-13-0082-1"
"291","Corte Y Confeccion De Prendas De Vestir Para Ninos Y Adultos Mencion Ropa Deportiva Y Actividades Nauticas","/BuscarCursoNuevo/DetalleCursoDcp?curso=CAP-20-01-16-0237"
"292","Corte Y Confeccion De Prendas De Vestir Para Ninos Y Adultos Mencion Ropa Deportiva Y Actividades Nauticas","/BuscarCursoNuevo/DetalleCursoDcp?curso=CAP-20-01-16-0236"
"293","Reflexologia Podal","/BuscarCursoNuevo/DetalleCursoDcp?curso=CAP-20-01-09-0156"
"294","Masaje De Spa","/BuscarCursoNuevo/DetalleCursoDcp?curso=CAP-20-01-09-0152"
"295","Especialista En Tecnica De La Belleza","/BuscarCursoNuevo/DetalleCursoDcp?curso=CAP-20-01-09-0151"
"296","Especialista En Tecnica De La Belleza","/BuscarCursoNuevo/DetalleCursoDcp?curso=CAP-20-01-09-0150"
"297","Gestion De Emprendimientos","/BuscarCursoNuevo/DetalleCursoDcp?curso=CEMP-21-01-09-0063-1"
"298","Cocina Nacional E Internacional Mencion Cocina Regional","/BuscarCursoNuevo/DetalleCursoDcp?curso=CAP-20-01-16-0181"
"299","Gestion De Emprendimientos","/BuscarCursoNuevo/DetalleCursoDcp?curso=CEMP-21-01-13-0110-1"
"300","Cocina Nacional E Internacional Mencion Cocina Saludable","/BuscarCursoNuevo/DetalleCursoDcp?curso=CAP-20-01-08-0339"
"301","Cocina Nacional E Internacional Mencion Cocina Saludable","/BuscarCursoNuevo/DetalleCursoDcp?curso=CAP-20-01-08-0338"
"302","Operaciones Basicas De Conduccion De Un Dron (Rpa)","/BuscarCursoNuevo/DetalleCursoDcp?curso=RLAB-21-01-06-0044-1"
"303","Servicio De Banqueteria","/BuscarCursoNuevo/DetalleCursoDcp?curso=CAP-20-01-09-0195"
"304","Reposteria Y Panaderia","/BuscarCursoNuevo/DetalleCursoDcp?curso=BOTIC-SOFOF-19-26-08-0081"
"305","Servicios De Masajes Corporales","/BuscarCursoNuevo/DetalleCursoDcp?curso=CAP-20-01-08-0149"
"306","Servicios De Masajes Corporales","/BuscarCursoNuevo/DetalleCursoDcp?curso=CAP-20-01-08-0148"
"307","Especialista En Tecnica De La Belleza","/BuscarCursoNuevo/DetalleCursoDcp?curso=CAP-20-01-08-0147"
"308","Especialista En Tecnica De La Belleza","/BuscarCursoNuevo/DetalleCursoDcp?curso=CAP-20-01-08-0146"
"309","Servicios De Masajes Corporales","/BuscarCursoNuevo/DetalleCursoDcp?curso=CAP-20-01-08-0135"
"310","Servicios De Cosmetologia","/BuscarCursoNuevo/DetalleCursoDcp?curso=CAP-20-01-14-0166"
"311","Servicios De Cosmetologia","/BuscarCursoNuevo/DetalleCursoDcp?curso=CAP-20-01-14-0165"
"312","Estrategias Para La Comercializacion Y Atencion De Clientes En Sector Comercio","/BuscarCursoNuevo/DetalleCursoDcp?curso=CAP-21-01-08-0173-1"
"313","Cocina Nacional E Internacional","/BuscarCursoNuevo/DetalleCursoDcp?curso=CAP-21-01-16-0164-2"
"314","Cocina Nacional E Internacional","/BuscarCursoNuevo/DetalleCursoDcp?curso=CAP-21-01-16-0164-1"
"315","Tecnicas De Ventas Con Operacion De Caja Registradora Y Reposicion De Mercaderia","/BuscarCursoNuevo/DetalleCursoDcp?curso=CAP-20-01-04-0395"
"316","Corte Y Confeccion De Prendas De Vestir Para Ninos Y Adultos Mencion Ropa Industrial","/BuscarCursoNuevo/DetalleCursoDcp?curso=CAP-20-01-04-0345"
"317","Corte Y Confeccion De Prendas De Vestir Para Ninos Y Adultos Mencion Ropa Deportiva Y Actividades Nauticas","/BuscarCursoNuevo/DetalleCursoDcp?curso=CAP-20-01-04-0297"
"318","Especialista En Tecnica De La Belleza","/BuscarCursoNuevo/DetalleCursoDcp?curso=CAP-20-01-08-0145"
"319","Vendedor Tiendas Y Servicios","/BuscarCursoNuevo/DetalleCursoDcp?curso=CAP-20-01-08-0142"
"320","Actividades Auxiliares De Bodega","/BuscarCursoNuevo/DetalleCursoDcp?curso=CAP-20-01-08-0141"
"321","Gestor De Comercio Electronico Y Programacion Web","/BuscarCursoNuevo/DetalleCursoDcp?curso=CAP-20-01-08-0134"
"322","Especialista En Tecnica De La Belleza","/BuscarCursoNuevo/DetalleCursoDcp?curso=CAP-20-01-08-0133"
"323","Vendedor Tiendas Y Servicios","/BuscarCursoNuevo/DetalleCursoDcp?curso=CAP-20-01-08-0132"
"324","Actividades Auxiliares De Bodega","/BuscarCursoNuevo/DetalleCursoDcp?curso=CAP-20-01-08-0130"
"325","Cuidado Y Atencion De Enfermos Mencion Cuidados Geriatricos","/BuscarCursoNuevo/DetalleCursoDcp?curso=CAP-21-01-08-0178-1"
"326","Asesor Integral De Caja Y Servicio De Ventas","/BuscarCursoNuevo/DetalleCursoDcp?curso=CAP-21-01-08-0174-1"
"327","Servicio De Caja En Empresas De Retail","/BuscarCursoNuevo/DetalleCursoDcp?curso=CAP-21-01-08-0175-1"
"328","Vendedor En Tiendas Por Departamento","/BuscarCursoNuevo/DetalleCursoDcp?curso=RLAB-21-01-11-0105-1"
"329","Vendedor En Tiendas Por Departamento","/BuscarCursoNuevo/DetalleCursoDcp?curso=RLAB-21-01-11-0104-1"
"330","Cocina Nacional E Internacional Mencion Cocina Regional","/BuscarCursoNuevo/DetalleCursoDcp?curso=CAP-20-01-16-0180"
"331","Gestion De Emprendimientos","/BuscarCursoNuevo/DetalleCursoDcp?curso=CEMP-21-01-10-0073-1"
"332","Diseno Prendas De Vestir Nuevas Tendencias","/BuscarCursoNuevo/DetalleCursoDcp?curso=CAP-20-01-16-0289"
"333","Gestion De Emprendimientos","/BuscarCursoNuevo/DetalleCursoDcp?curso=CEMP-21-01-09-0065-1"
"334","Vendedor En Tiendas Por Departamento","/BuscarCursoNuevo/DetalleCursoDcp?curso=RLAB-20-01-10-0094-1"
"335","Vendedor En Tiendas Por Departamento","/BuscarCursoNuevo/DetalleCursoDcp?curso=RLAB-20-01-10-0093-1"
"336","Curso Especial Con Simulador De Inmersion Total Conducente A Licencia De Conductor Profesional Clase A5","/BuscarCursoNuevo/DetalleCursoDcp?curso=SEC-TR-21-01-01-0014-1"
"337","Curso Especial Con Simulador De Inmersion Total Conducente A Licencia De Conductor Profesional Clase A3","/BuscarCursoNuevo/DetalleCursoDcp?curso=SEC-TR-21-01-01-0013-3"
"338","Curso Especial Con Simulador De Inmersion Total Conducente A Licencia De Conductor Profesional Clase A3","/BuscarCursoNuevo/DetalleCursoDcp?curso=SEC-TR-21-01-01-0013-2"
"339","Curso Especial Con Simulador De Inmersion Total Conducente A Licencia De Conductor Profesional Clase A3","/BuscarCursoNuevo/DetalleCursoDcp?curso=SEC-TR-21-01-01-0013-1"
"340","Gestion De Emprendimientos","/BuscarCursoNuevo/DetalleCursoDcp?curso=CEMP-21-01-03-0009-1"
"341","Operacion De Excavadora","/BuscarCursoNuevo/DetalleCursoDcp?curso=RLAB-21-01-01-0005-1"
"342","Desarrollador Web Frontend","/BuscarCursoNuevo/DetalleCursoDcp?curso=RLAB-21-01-10-0119-1"
"343","Desarrollador Web Frontend","/BuscarCursoNuevo/DetalleCursoDcp?curso=RLAB-21-01-10-0118-1"
"344","Instalador Electrico Domiciliario Clase D Mencion Paneles Solares Independiente","/BuscarCursoNuevo/DetalleCursoDcp?curso=CAP-20-01-09-0248"
"345","Instalador Electrico Domiciliario Clase D Mencion Domotica","/BuscarCursoNuevo/DetalleCursoDcp?curso=CAP-20-01-09-0251"
"346","Mecanica Automotriz Electromecanica","/BuscarCursoNuevo/DetalleCursoDcp?curso=RLAB-21-01-08-0064-1"
"347","Mecanica Automotriz Electromecanica","/BuscarCursoNuevo/DetalleCursoDcp?curso=RLAB-21-01-08-0059-1"
"348","Mantenimiento De Plantas Solares Fotovoltaicas","/BuscarCursoNuevo/DetalleCursoDcp?curso=RLAB-21-01-16-0073-1"
"349","Preparacion De Pedidos De Productos Y Unidades Logisticas Con Voicepicking","/BuscarCursoNuevo/DetalleCursoDcp?curso=RLAB-21-01-16-0074-1"
"350","Montaje De Sistemas Solares Fotovoltaicos","/BuscarCursoNuevo/DetalleCursoDcp?curso=RLAB-21-01-16-0071-1"
"351","Operacion De Excavadora","/BuscarCursoNuevo/DetalleCursoDcp?curso=RLAB-21-01-01-0005-1"
"352","Desarrollador Web Frontend","/BuscarCursoNuevo/DetalleCursoDcp?curso=RLAB-21-01-10-0119-1"
"353","Desarrollador Web Frontend","/BuscarCursoNuevo/DetalleCursoDcp?curso=RLAB-21-01-10-0118-1"
"354","Instalador Electrico Domiciliario Clase D Mencion Paneles Solares Independiente","/BuscarCursoNuevo/DetalleCursoDcp?curso=CAP-20-01-09-0248"
"355","Instalador Electrico Domiciliario Clase D Mencion Domotica","/BuscarCursoNuevo/DetalleCursoDcp?curso=CAP-20-01-09-0251"
"356","Mecanica Automotriz Electromecanica","/BuscarCursoNuevo/DetalleCursoDcp?curso=RLAB-21-01-08-0064-1"
"357","Mecanica Automotriz Electromecanica","/BuscarCursoNuevo/DetalleCursoDcp?curso=RLAB-21-01-08-0059-1"
"358","Mantenimiento De Plantas Solares Fotovoltaicas","/BuscarCursoNuevo/DetalleCursoDcp?curso=RLAB-21-01-16-0073-1"
"359","Preparacion De Pedidos De Productos Y Unidades Logisticas Con Voicepicking","/BuscarCursoNuevo/DetalleCursoDcp?curso=RLAB-21-01-16-0074-1"
"360","Montaje De Sistemas Solares Fotovoltaicos","/BuscarCursoNuevo/DetalleCursoDcp?curso=RLAB-21-01-16-0071-1"
"361","Operacion De Excavadora","/BuscarCursoNuevo/DetalleCursoDcp?curso=RLAB-21-01-01-0005-1"
"362","Desarrollador Web Frontend","/BuscarCursoNuevo/DetalleCursoDcp?curso=RLAB-21-01-10-0119-1"
"363","Desarrollador Web Frontend","/BuscarCursoNuevo/DetalleCursoDcp?curso=RLAB-21-01-10-0118-1"
"364","Instalador Electrico Domiciliario Clase D Mencion Paneles Solares Independiente","/BuscarCursoNuevo/DetalleCursoDcp?curso=CAP-20-01-09-0248"
"365","Instalador Electrico Domiciliario Clase D Mencion Domotica","/BuscarCursoNuevo/DetalleCursoDcp?curso=CAP-20-01-09-0251"
"366","Mecanica Automotriz Electromecanica","/BuscarCursoNuevo/DetalleCursoDcp?curso=RLAB-21-01-08-0064-1"
"367","Mecanica Automotriz Electromecanica","/BuscarCursoNuevo/DetalleCursoDcp?curso=RLAB-21-01-08-0059-1"
"368","Mantenimiento De Plantas Solares Fotovoltaicas","/BuscarCursoNuevo/DetalleCursoDcp?curso=RLAB-21-01-16-0073-1"
"369","Preparacion De Pedidos De Productos Y Unidades Logisticas Con Voicepicking","/BuscarCursoNuevo/DetalleCursoDcp?curso=RLAB-21-01-16-0074-1"
"370","Montaje De Sistemas Solares Fotovoltaicos","/BuscarCursoNuevo/DetalleCursoDcp?curso=RLAB-21-01-16-0071-1"
"371","Soporte En Redes Equipos Computacionales Y Domotica","/BuscarCursoNuevo/DetalleCursoDcp?curso=CAP-20-01-09-0124"
"372","Serv. Asist. Domiciliaria Y Cuid 1° Bas. A Pers. Situac. Dependencia, Ad.Ma","/BuscarCursoNuevo/DetalleCursoDcp?curso=BOTIC-PROFO-20-21-13-0071"
"373","Vendedor Tiendas Y Servicios","/BuscarCursoNuevo/DetalleCursoDcp?curso=CAP-19-03-08-0078"
"374","Recepcionista En Hoteleria Y Turismo","/BuscarCursoNuevo/DetalleCursoDcp?curso=CAP-19-03-08-0018"
"375","Actividades De Apoyo Administrativo","/BuscarCursoNuevo/DetalleCursoDcp?curso=BOTIC-SOFOF-19-26-08-0066"
"376","Gasfiteria E Instalaciones Sanitarias Y Gas","/BuscarCursoNuevo/DetalleCursoDcp?curso=CAP-20-01-07-0076"
"377","Gasfiteria E Instalaciones Sanitarias Y Gas","/BuscarCursoNuevo/DetalleCursoDcp?curso=CAP-20-01-07-0072"
"378","Vendedor En Tiendas Por Departamento","/BuscarCursoNuevo/DetalleCursoDcp?curso=DIS-21-01-15-0002-2"
"379","Manipulacion De Alimentos","/BuscarCursoNuevo/DetalleCursoDcp?curso=BOTIC-CCHC-20-03-01-0003"
"380","Diseño Y Confeccion De Tejidos A Telar","/BuscarCursoNuevo/DetalleCursoDcp?curso=BOTIC-CCHC-19-11-01-0056"
"381","Asistentes De Cuidados A Personas En Situacion De Dependencia","/BuscarCursoNuevo/DetalleCursoDcp?curso=BOTIC-CNC-19-17-01-0021"
"382","Tratamiento De Aguas En Procesos Agroindustriales","/BuscarCursoNuevo/DetalleCursoDcp?curso=BOTIC-CORFI-20-28-06-0004"
"383","Produccion Y Comercializacion De Flores De Corte","/BuscarCursoNuevo/DetalleCursoDcp?curso=DIS-21-01-07-0034-2"
"384","Operacion De Maquinaria De Volteo, Desrame Y Trozado Mecanizado De Arboles","/BuscarCursoNuevo/DetalleCursoDcp?curso=BOTIC-ASIME-20-23-08-0005"
"385","Transporte De Carga Frangmentada","/BuscarCursoNuevo/DetalleCursoDcp?curso=BOTIC-ASIME-19-20-08-0004"
"386","Diseño Prendas De Vestir, Nuevas Tendencias","/BuscarCursoNuevo/DetalleCursoDcp?curso=BOTIC-SOFOF-20-02-13-0076"
"387","Operacion De Grua Horquilla","/BuscarCursoNuevo/DetalleCursoDcp?curso=BOTIC-CCHC-20-03-08-0110"
"388","Mec?Nico General De Mantenimiento","/BuscarCursoNuevo/DetalleCursoDcp?curso=RLAB-21-01-02-0016-1"
"389","Mec?Nico General De Mantenimiento","/BuscarCursoNuevo/DetalleCursoDcp?curso=RLAB-21-01-02-0015-1"
"390","Gestion De Personas En Supermercados","/BuscarCursoNuevo/DetalleCursoDcp?curso=DIS-21-01-03-0006-2"
"391","Gestion De Personas En Supermercados","/BuscarCursoNuevo/DetalleCursoDcp?curso=DIS-21-01-03-0006-1"
"392","Supervision De Operaciones Logisticas","/BuscarCursoNuevo/DetalleCursoDcp?curso=RLAB-21-01-10-0094-1"
"393","Enfierradura Y Albañileria","/BuscarCursoNuevo/DetalleCursoDcp?curso=CAP-21-01-03-0003-1"
"394","Enfierradura Y Albañileria","/BuscarCursoNuevo/DetalleCursoDcp?curso=CAP-21-01-03-0002-1"
"395","Tecnicas De Soldaduras Por Oxigas, Arco Voltaico, Mig Y Tig","/BuscarCursoNuevo/DetalleCursoDcp?curso=CAP-21-01-03-0004-1"
"396","Tecnicas De Soldaduras Por Oxigas, Arco Voltaico, Mig Y Tig","/BuscarCursoNuevo/DetalleCursoDcp?curso=CAP-21-01-03-0001-1"
"397","Operario De Retail","/BuscarCursoNuevo/DetalleCursoDcp?curso=DIS-20-01-13-0051-1"
"398","Recepcion De Productos, Carga O Unidades Logisticas En Centros De Distribucion Y Transferencia","/BuscarCursoNuevo/DetalleCursoDcp?curso=DIS-21-01-05-0021-1"
"399","Direccion Y Control De Maniobras De Izaje De Cargas","/BuscarCursoNuevo/DetalleCursoDcp?curso=RLAB-21-01-01-0003-1"
"400","Herramientas De Ofimatica En Nivel Avanzado","/BuscarCursoNuevo/DetalleCursoDcp?curso=RLAB-21-01-01-0008-1"
"401","Control De Rutas Y Gestion De Documentos De Distribucion","/BuscarCursoNuevo/DetalleCursoDcp?curso=RLAB-21-01-01-0006-1"
"402","Servicio De Reposicion Y Orden De Productos En Supermercados Y Grandes Tiendas","/BuscarCursoNuevo/DetalleCursoDcp?curso=BOTIC-PROFO-19-21-08-0001"
"403","Agente De Mesa De Servicios Informaticos","/BuscarCursoNuevo/DetalleCursoDcp?curso=RLAB-21-01-10-0101-1"
"404","Servicios De Call Center Y Cobranzas Telefonicas","/BuscarCursoNuevo/DetalleCursoDcp?curso=DIS-20-01-13-0046-5"
"405","Servicios De Call Center Y Cobranzas Telefonicas","/BuscarCursoNuevo/DetalleCursoDcp?curso=DIS-20-01-13-0046-4"
"406","Actividades Auxiliares En Montaje De Estructuras Industriales","/BuscarCursoNuevo/DetalleCursoDcp?curso=CAP-21-01-03-0256-1"
"407","Estrategias Para La Comercializacion Y Atencion De Clientes En Sector Comercio","/BuscarCursoNuevo/DetalleCursoDcp?curso=DIS-21-01-04-0011-1"
"408","Mecanico General De Mantenimiento","/BuscarCursoNuevo/DetalleCursoDcp?curso=RLAB-21-01-10-0099-1"
"409","Operacion De Grua Torre","/BuscarCursoNuevo/DetalleCursoDcp?curso=RLAB-21-01-10-0098-1"
"410","Servicio De Reposicion Y Orden De Productos En Supermercados Y Grandes Tiendas","/BuscarCursoNuevo/DetalleCursoDcp?curso=DIS-21-01-13-0028-1"
"411","Supervision De Operaciones Logisticas","/BuscarCursoNuevo/DetalleCursoDcp?curso=DIS-21-01-13-0031-1"
"412","Gestion De Personas En Supermercados","/BuscarCursoNuevo/DetalleCursoDcp?curso=DIS-21-01-13-0032-1"
"413","Cajero (A)","/BuscarCursoNuevo/DetalleCursoDcp?curso=DIS-21-01-13-0030-1"
"414","Obras Menores Sanitarias Y De Griferia","/BuscarCursoNuevo/DetalleCursoDcp?curso=BOTIC-CCHC-20-20-09-0084"
"415","Actividades Auxiliares Administrativas","/BuscarCursoNuevo/DetalleCursoDcp?curso=DIS-20-01-16-0058-1"
"416","Cajero A","/BuscarCursoNuevo/DetalleCursoDcp?curso=DIS-19-01-10-0035-1"
"417","Cajero A","/BuscarCursoNuevo/DetalleCursoDcp?curso=DIS-19-01-03-0005-2"
"418","Cajero A","/BuscarCursoNuevo/DetalleCursoDcp?curso=DIS-19-01-03-0005-1"
"419","Actividades Auxiliares Administrativas","/BuscarCursoNuevo/DetalleCursoDcp?curso=DIS-19-01-04-0008-2"
"420","Gestion De Emprendimientos","/BuscarCursoNuevo/DetalleCursoDcp?curso=BOTIC-CCHC-19-11-05-0154"
"421","Mantenedor Electrico","/BuscarCursoNuevo/DetalleCursoDcp?curso=BOTIC-CCHC-19-11-02-0085"
"422","Elaboracion Y Comercializacion De Mermeladas Y Conservas","/BuscarCursoNuevo/DetalleCursoDcp?curso=BOTIC-CNC-19-17-07-0001"
"423","Cuidado Y Tratamiento Estetico De Manos Y Pies","/BuscarCursoNuevo/DetalleCursoDcp?curso=BOTIC-CNC-19-17-07-0011"
"424","Aplicacion A Nivel De Usuario De Herramientas Computacionales Basicas En El Uso Del Computador","/BuscarCursoNuevo/DetalleCursoDcp?curso=BOTIC-CNC-19-17-13-0032"
"425","Gasfiteria En Obras Menores","/BuscarCursoNuevo/DetalleCursoDcp?curso=BOTIC-SOFOF-19-26-08-0089"
"426","Fabricacion Y Comercializacion De Muebles De Madera","/BuscarCursoNuevo/DetalleCursoDcp?curso=BOTIC-SOFOF-20-02-08-0037"
"427","Operaciones De Bodega Agricola","/BuscarCursoNuevo/DetalleCursoDcp?curso=RLAB-21-01-04-0022-1"
